gene,set,immune_beta_unadj,immune_p_unadj,immune_beta_adj,immune_p_adj,CYT_beta_adj,CYT_p_adj,melanocyte_lineage
APTX,background,0.004522209907750962,0.6425864478392216,0.00370861609354988,0.7047166297568814,-0.0016381248698659806,0.868811688684029,False
C9,background,0.040777057350548915,2.8340245349437042e-05,0.04005500008031068,4.228803909940031e-05,0.02452404986984632,0.014808488834795817,False
LINC02731,background,0.061457174883013825,2.738665720090169e-10,0.062311030987995154,1.8492799181869636e-10,0.010443120982584857,0.29777291880552714,False
KLHL7,background,0.0497556654731792,3.2344881348221446e-07,0.048915020170146345,5.694222804474887e-07,-0.01700761333565892,0.08644082179628058,False
TAS2R42,background,-0.016029652456060195,0.09994542500907841,-0.01617225607422206,0.09840245071752537,-0.018961024295588196,0.059273876597271215,False
LINC02963,background,0.004408969165819481,0.6509345567184369,0.0036497333773678154,0.7091898628806594,-0.0011374241758168504,0.9100919565835158,False
NCKIPSD,background,-0.030727612016673976,0.0016098980803682832,-0.03106549237435054,0.0014975806433424757,-0.009656755035199891,0.32949414433522217,False
FTH1P4,background,0.06709079511968506,5.4692493992168405e-12,0.06656348795415026,9.810683746623796e-12,0.04486109591650707,8.068670594326914e-06,False
H3P16,background,-4.571718170618094e-05,0.9962566275954141,-0.00032999319203110716,0.9731005001532649,-0.012165908521020223,0.2266179463189483,False
EIF4A2P3,background,0.0003478159289572786,0.9715263956046649,-3.9579048649452395e-05,0.9967730987502956,-0.004924834966095081,0.6257715959551208,False
RASA4,background,0.26710582441115704,1.525630456047621e-171,0.26891648241412885,1.8111413928040713e-172,0.1718153749087739,8.529948173224972e-68,False
RNF152P1,background,0.05194180873476537,9.605671170169547e-08,0.05181856373182756,1.1671306517105418e-07,0.03938071081846018,9.57592363100047e-05,False
UBA6,background,0.15685121321368636,5.303164279271317e-59,0.1565188111349366,2.8592658327701406e-58,0.07970090099240722,1.2007322879559642e-15,False
MED16,background,-0.048206347281106815,7.422783190226479e-07,-0.048233823910440364,8.15676145367172e-07,-0.011586993904970574,0.2438038501692278,False
RN7SKP109,background,-0.010632654255927024,0.2303216268436267,-0.010130221848832908,0.25487043598827375,-0.014040520781499713,0.12315557845150231,False
MIR5692C1,background,2.5849394142282115e-25,1.0,-4.722942803736365e-22,0.0,1.052070341590882e-21,0.0,False
MAP10,background,0.15515231497605986,9.369510449527089e-58,0.15484121361279,4.728139713781321e-57,0.04160941524568417,2.350611748105814e-05,False
RIC8A,background,0.14244313289644553,7.15496255339821e-49,0.1421437082472068,2.85219248401826e-48,0.08005083787118963,3.863318731980334e-16,False
LINC00343,background,-0.024844618659490354,0.009695482462193409,-0.024319036854342835,0.011697924447678773,-0.013474282159889715,0.1720194773443465,False
CCDC68,background,0.17915705127877085,1.0618561450381905e-76,0.17973321740094061,1.5123075703720667e-76,0.12807362676370068,1.1088523351711657e-38,False
CD99,background,0.2369798832616732,2.1450213639368424e-134,0.23613489092650286,2.6583255827470616e-132,0.1169221323969332,1.030112324818791e-32,False
BDNF-AS,background,-0.028235857208376302,0.0037527657415790147,-0.026692903081081236,0.006370714293195576,-0.051401519875534776,3.07219039922949e-07,False
EEF1B2P3,background,0.0404891726277575,3.2269567285481555e-05,0.03958032644936498,5.208957277748187e-05,0.035391380534593384,0.00037557852477796555,False
ZNF733P,background,-0.0023678342477080083,0.8064855208256305,-0.0008641439491981506,0.9290657294279124,-0.013622886068991936,0.17129700326777206,False
ZNF362,background,0.0944266534386843,2.678638061907145e-22,0.09478352475153339,2.809845822609948e-22,0.03667706844266512,0.00022232200921733754,False
GABRR3,background,0.09145816905624723,5.181440636865391e-21,0.09245148685197854,2.871376819730929e-21,0.03225571716783361,0.0013832904872532405,False
SPATA1,background,0.02699807539735163,0.005586191591658024,0.02811842987984128,0.004055500244851706,-0.005229237068190176,0.6012102363033199,False
RNU6-353P,background,-0.003745643227740348,0.3878894139607144,-0.0037660877038555455,0.38863406601383577,0.002807154418992269,0.48379929401192323,False
RNU6-703P,background,-0.0042528445208994195,0.10792489156336811,-0.004276057403959196,0.10847844677224808,-0.0037479258020105596,0.18461758949618745,False
IFITM10,background,0.15420498437554925,4.581629299519693e-57,0.15464848514677282,6.513175687720647e-57,0.11030436962872936,2.105606341261189e-28,False
IGKV4-1,background,0.6755458953428354,0.0,0.6753359796293765,0.0,0.45290717629152966,0.0,False
LOC101929305,background,0.04404521663444258,5.395772625412446e-06,0.04415691280643713,5.600253524527951e-06,0.0378679349481874,0.00017196429015086748,False
FMO8P,background,0.005802326897337607,0.5500522019195693,0.006998421015115686,0.4728689919575564,-0.00013126369690255328,0.9896746511714014,False
LINC03053,background,0.004658870281303124,0.6325717082792759,0.0067944646667769636,0.48749956572782016,0.0021422129075776447,0.8315657621915338,False
PPIAP15,background,-0.013039331935009764,0.1781232706800118,-0.012909991987750462,0.18433187615297253,-0.01175109214586443,0.24577238833314868,False
UBL7-DT,background,0.07892415938201908,4.975339391853539e-16,0.07790772182472985,1.5484825236054728e-15,0.027307491828246433,0.005884408241193772,False
RPL5P34,background,-0.07926122256145922,3.7352322047971457e-16,-0.07793404966672145,1.5149690115932543e-15,-0.04734281097447226,2.3326147903614345e-06,False
PLLP,background,-0.018513648760808066,0.05742120423933093,-0.018228785011847933,0.062484962803926944,-0.009784579607356946,0.3285817101561691,False
NHLRC3,background,0.1747754851095046,4.989502784910613e-73,0.17525813558500072,8.125083027654884e-73,0.08449285870307403,1.4327523379380912e-17,False
ANKRD65,background,0.12111292032522378,1.0229965125908878e-35,0.12126505884996468,1.640997277770588e-35,0.050388522185936195,4.5150807039965676e-07,False
RN7SKP252,background,-0.013293557758705618,0.1434020089043753,-0.012829928318981918,0.15950692817343454,-0.018817518358158414,0.04643951185957944,False
RANBP10,background,0.06973770412706877,7.754638497464658e-13,0.07042904388691429,5.776937497810671e-13,0.038740161480652596,9.882717363335458e-05,False
AGAP7P,background,0.06872268076300754,1.6544821807686078e-12,0.06667340798866048,9.070995544978818e-12,0.04373724629867561,1.3741876075215701e-05,False
NCBP3,background,0.07319438217324394,5.414137305213418e-14,0.07371190482860218,4.6135112075160214e-14,0.03826651397510261,0.00011895055691640101,False
RN7SL151P,background,-0.0020138974476341717,0.8349902212607614,-0.0014512491710686054,0.8811809238263454,-0.0005493120859035937,0.9561246214223101,False
MIR1915HG,background,0.05064717741026824,1.9831727974183074e-07,0.0516205367620139,1.3039193342280122e-07,0.017508917656242764,0.07954484821914085,False
NUDT22,background,0.005044919663036691,0.6046476588941239,0.00434628317828284,0.6569549505766032,0.008300760761316089,0.4012254748584082,False
SAP30BP,background,0.10842680762051943,6.398542218383254e-29,0.10897645614154763,5.790061480092303e-29,0.0713296038255504,5.061635479326371e-13,False
FGF17,background,-0.08919020906901129,4.6753411661354563e-20,-0.08840584341451924,1.4120048925532583e-19,-0.04610070983653943,4.3437673046481985e-06,False
PSMA2,background,0.10892464187420783,3.5784957537789745e-29,0.10751589775796079,3.118311302232393e-28,0.062446756991940786,2.3375846879431145e-10,False
RNU1-74P,background,0.0031592870797666085,0.7063060597709019,0.0031765311057766134,0.7067453258718644,0.0063115463369956834,0.4616043376365473,False
LOC102724737,background,-0.04832410955005176,6.974633279914461e-07,-0.049573063539324655,4.005981591060061e-07,-0.015253873687518028,0.13066272744457408,False
LOC105369736,background,0.00023841198521067626,0.970000187786093,-0.00047883228418271127,0.939824255219593,-0.0033599420192544837,0.6173980848966942,False
MTCYBP17,background,0.0019307596915233065,0.8206669027673379,0.0019586467567746955,0.8187367495814935,0.003308331118272634,0.7100504338668548,False
MIR4489,background,2.5849394142282115e-25,1.0,-4.722942803736365e-22,0.0,1.052070341590882e-21,0.0,False
NANOGNB,background,0.00751408972779041,0.4356913257542301,0.008347439485879906,0.38853063315103364,-0.0029581655166987654,0.7680300764038547,False
PPP1R11,background,0.047433557703739686,1.113049265887179e-06,0.04734877645334542,1.291963093843292e-06,0.0030456289969091714,0.7580172295780089,False
ASH2LP1,background,0.14421091296291835,2.0433942717285032e-50,0.1454509212689331,7.624540164330331e-51,0.07567404433570225,7.780193281327419e-14,False
LNCMB2,background,0.20348146989419216,7.458385323032034e-99,0.2022023588960038,8.525922710245646e-97,0.09857913438180767,7.530592570891702e-23,False
LINS1,background,0.22190337408016625,1.1545792825343169e-117,0.2208277718358624,1.5439003479282741e-115,0.151294866335943,3.9262176937503507e-53,False
IL6R-AS1,background,0.2961817278750453,2.7828000569372434e-212,0.2967517281217296,2.509792598509102e-211,0.17294462755336265,5.760207550626052e-69,False
RN7SKP264,background,-0.03064204520512596,0.0015025859970442133,-0.029569665865129973,0.0022877762255617746,-0.02905681491581481,0.0035070474372378333,False
KCNIP3,background,-0.04310943673827272,9.596031756828091e-06,-0.04162171861056443,2.091394919443839e-05,-0.060052097236184446,1.8550591108370077e-09,False
SYNPO2L,background,0.04338377554994792,8.417735855962533e-06,0.04415750478517139,6.350308209349662e-06,0.010228442107363848,0.3097267239970064,False
SDR42E1P2,background,0.002150372253347149,0.8223550071875619,0.002253980268587461,0.8147137752518355,-0.00582516538220973,0.5582911267598913,False
RN7SL26P,background,-0.011750132244492182,0.22290830324617533,-0.012317744658718469,0.20326041588220836,-0.0034071395920387106,0.7308614843544283,False
GCDH,background,-0.0399010644809237,4.196209219307925e-05,-0.03985259106715758,4.623196478453879e-05,-0.03630932490120991,0.00026416079322211705,False
CGB3,background,-0.004912652027968949,0.61415273627872,-0.005388170577207954,0.5819168383187316,-0.006870543276417336,0.497082862844641,False
ICMT,background,0.12076267220501534,1.6133847152768047e-35,0.12015127196148187,6.882809885552773e-35,0.038978763102018255,8.70113515142291e-05,False
NSUN7,background,-0.027753339110044968,0.004390069676150399,-0.027173709943275188,0.005482573712646982,-0.08240831233992489,1.4117751259613677e-16,False
SMAD3,background,0.09488553640537586,1.6802687418229947e-22,0.0953980068252734,1.5084578360172e-22,0.04390085796424397,1.0605535948561988e-05,False
ILF2P1,background,-0.04543595291426398,3.0833590507095408e-06,-0.044867318284622724,4.4962495249016334e-06,-0.035283019973637704,0.00044673498431631445,False
RNU6-979P,background,-0.005064263670369743,0.11662077115853084,-0.005145154189143305,0.10443422741822406,-0.007912143330444392,0.01852506692230643,False
ZBTB21,background,0.1578492035740002,9.667051497861209e-60,0.15868765407293015,7.256586085172537e-60,0.06505005734368748,7.041126712193506e-11,False
GZMA,background,0.8178363006341111,0.0,0.8175275823418143,0.0,0.7546975153036813,0.0,False
LOC105373559,background,-0.0005778068428532461,0.9527160821861853,-0.0002018641405308443,0.9835430294137303,-0.020887369429813805,0.0383020889884565,False
LINC02671,background,-0.02222832202739903,0.022024529981462832,-0.022349643193348343,0.021869100132559265,-0.014718323684304079,0.13997720434916622,False
LRRC14B,background,0.05193297543117314,9.653865351448075e-08,0.052448436184709006,8.182186290469023e-08,0.0019666881224068345,0.844965625744047,False
SF3A3,background,0.1566722416600393,7.1876582794538105e-59,0.1561932658427233,4.940459249805769e-58,0.07035908483382644,1.2095199846815946e-12,False
RNU6-77P,background,2.5849394142282115e-25,1.0,-4.722942803736365e-22,0.0,1.052070341590882e-21,0.0,False
DPY19L1P1,background,-0.028739981070767903,0.003177788891883268,-0.028534366733372243,0.0035416460216085226,-0.01337603848422456,0.18025513095640205,False
HMOX1,background,0.503867574877573,0.0,0.5039567211074382,0.0,0.3242375337614069,9.866726092124416e-248,False
HMGB1P3,background,0.13883545507228265,1.710953440123727e-46,0.13753268807309635,2.830030799564604e-45,0.10235883319458514,2.124856224716201e-24,False
HERPUD2,background,0.2091652587884282,1.8125159459968696e-104,0.20893703970575528,2.29689916676248e-103,0.09694220751125876,1.0559949889016282e-22,False
LINC02526,background,0.009669249831739028,0.32104556762470177,0.010041235173594851,0.3048557583019239,0.01713888162760548,0.08831455328466557,False
TBPL1,background,0.09760964021060302,1.0066153336053484e-23,0.09756552808161835,1.6281248118675487e-23,0.05916139874937766,2.21934314090373e-09,False
LOC100418723,background,0.12742453867653764,2.2091178844696223e-39,0.12686059958967463,9.963047614888608e-39,0.06898796725310923,6.395390770445533e-12,False
WEE2,background,0.002535408656041016,0.7947157472295949,0.004120005436797356,0.673755801875054,-0.01190332796195341,0.23783171741600095,False
GNG11,background,0.2703759897849126,7.006585547898204e-176,0.2716274402971701,4.6671832471264146e-176,0.19289142400752596,2.1372915729975332e-85,False
MRPS11P1,background,0.010932489334907917,0.24656123535982333,0.01152834942518692,0.22364553858355768,0.0009653093996422903,0.9197805578693594,False
NR2F2,background,0.18815538356482184,1.5201801002579914e-84,0.18936807614867887,6.441058536920732e-85,0.07614634957860489,1.50813858720683e-14,False
LINC01550,background,0.3493026226100776,5.717425431062271e-300,0.34875578575747807,1.9425447370284847e-296,0.26702889930617674,9.872128578861568e-169,False
RPL37P10,background,-0.01307379300490061,0.11019771586394893,-0.012813220538911797,0.1186322776558776,-0.005577018528565101,0.5158786811096812,False
FBXL5,background,0.20793245154154158,3.0923284856286124e-103,0.20752945754380914,5.6691551788995536e-102,0.10128762471941813,7.448344516889261e-25,False
LOC105379340,background,0.011279239070234613,0.24528782671747185,0.01075067665532726,0.2701569136040889,0.014754827237117107,0.13918875826605526,False
C4orf36,background,0.05468516515471023,1.9524398646929584e-08,0.05457168139205536,2.3983854390381522e-08,-0.0005753958678273309,0.9539407599708152,False
AHCYP3,background,-0.00626119916859973,0.5169418291812794,-0.004406581877751124,0.6497063577821014,-0.020770097335045354,0.03808312247749173,False
FAUP2,background,-0.006123641908896316,0.5062539929292245,-0.006375074982496738,0.49067594102826584,-0.011889725487306388,0.21298821686318103,False
WDR5,background,0.0029027601724552834,0.7657864593833296,0.0018869153715911178,0.8471061368343278,0.01724176394556406,0.08233901616928328,False
COILP1,background,0.04079717431349839,2.8083392141472376e-05,0.041100461774755695,2.650693190020972e-05,0.02624671213903439,0.009108271731043916,False
PES1-AS1,background,-0.013513888036721482,0.1368845178135791,-0.014363648444752073,0.1152761149847839,-0.010754343425962582,0.25249301869068946,False
SMAD7,background,0.22388554996484242,8.551905942858267e-120,0.22417471740050351,4.2565760111696217e-119,0.13291273632692058,3.182589219537643e-41,False
VPS51,background,-0.03485617573633408,0.0003460534979833605,-0.03450976793661782,0.00041968615160180387,-0.015263638039956444,0.12248468202611919,False
RNU5F-3P,background,0.000634669696422505,0.8467812358077502,0.001174322210685307,0.7159880461151847,-0.002342904155273328,0.4936334125199595,False
RN7SL726P,background,-0.02827019454995543,0.003199438170711619,-0.02842680402393503,0.003159280872627639,-0.01826393675899556,0.06377893653866927,False
LOC105372061,background,0.008694331898110797,0.3722556645781584,0.00984396199151462,0.31445577804420694,-0.00623669381758785,0.5352243347482346,False
LYAR,background,0.13627412884406231,7.653306715460148e-45,0.13487833986051748,1.3511348660856137e-43,0.10541640695494862,1.0921347573186509e-26,False
ATP5PBP6,background,0.0017596784905824457,0.8530860726780736,0.002349536092934252,0.8055020045624455,-0.021171561253180093,0.032523744335178725,False
SNORD14C,background,-0.0002171700959953449,0.9608097294572514,0.00020991172662558735,0.9618771033732909,-0.002071581900384248,0.6564272557391841,False
TP53RK-DT,background,0.02651713542062794,0.006493742113524927,0.02616591724481421,0.007491067543609096,-0.00994637873027532,0.3219531484718462,False
RNU6-256P,background,2.5849394142282115e-25,1.0,-4.722942803736365e-22,0.0,1.052070341590882e-21,0.0,False
LOC102723305,background,0.23158311231187578,2.8873521341198805e-128,0.2322759190726213,5.864518282544766e-128,0.14554719064312918,6.162832159867107e-49,False
TSEN2,background,-0.15530543268877745,7.24254995228566e-58,-0.15409904604349203,1.6194311891118466e-56,-0.1149447297419522,7.791970377971694e-31,False
DDR1,background,-0.034621759496714116,0.0003793361333530599,-0.03449489359203103,0.0004221042347227877,-0.05956565406231618,1.9733523438042525e-09,False
AKAP8P1,background,-0.02005232351356087,0.03721504910789464,-0.019492722137775913,0.043725962862991685,-0.014179798503839736,0.15352159547003952,False
SAA2,background,0.28384438339991064,2.149450686652767e-194,0.28339783040895733,3.990944897930126e-192,0.19837887003957203,1.3306145108095211e-89,False
SDR42E1P4,background,-0.004819784640774134,0.6131891988111171,-0.005480648024823259,0.5670167517921608,-0.0050446831140047365,0.6039994561667532,False
RN7SL787P,background,-0.008582596556288413,0.3784321113848095,-0.008888312520287264,0.3637418065779576,-0.016484616336873207,0.10049435696394689,False
ZNF614,background,0.06611004001236236,1.1070647295393878e-11,0.06584385730611461,1.6339436599712852e-11,0.0017399470505868944,0.8609332271815638,False
KRT18P68,background,-0.031756678419429675,0.0010166373272478104,-0.032177141201698754,0.0009154529582246825,-0.013163442103060172,0.18990661307467419,False
TTLL4,background,0.11318075647001719,2.230416834113323e-31,0.11272800726700213,6.89945631200345e-31,0.08293354528562451,6.072087308745502e-17,False
OR7E102P,background,0.02353040096281766,0.015731020990126493,0.023975906458148018,0.014273801632168742,-0.016801251924829078,0.09382341970023432,False
GIMD1,background,0.014360709628489763,0.061551671457873956,0.01473600970189848,0.05570379350850751,0.0250769620337276,0.002126303668990084,False
COX10-DT,background,0.06588273521778158,1.3017442368310797e-11,0.06754397175117391,4.854002909232451e-12,0.027821355927806785,0.005287979994094944,False
LSM1P1,background,-0.013002674704395574,0.17453324568124548,-0.0125818066341625,0.1907617717125106,-0.01670700696420358,0.09318010002143226,False
CRYM,background,0.022543157159514972,0.020681845433217782,0.02194209946758383,0.024935923390322745,-0.013159394590734688,0.1900090727581214,False
TOM1,background,0.10683184250290555,4.044011782149062e-28,0.10745925424940693,3.3271935115219087e-28,0.05548844067270421,2.1242411967087292e-08,False
ZC3H4,background,0.10545377015562557,1.9455050987874034e-27,0.10570421015679939,2.4385996971999582e-27,0.042911179676831654,1.6473485444220893e-05,False
H3C12,background,0.02473506636651735,0.011124054299777,0.024201439003936537,0.013385155707302991,0.011015484920055803,0.2733183264940835,False
TSC22D2,background,0.08208674338845265,3.2215526127559556e-17,0.08181887717115595,5.541394732758329e-17,0.013053344972496016,0.18986611990526292,False
GRK6P1,background,0.1711010810623581,5.0508531795735906e-70,0.17139416423659615,1.1237712788513467e-69,0.12736226911667786,7.538649118910441e-37,False
MIR450A1,background,2.5849394142282115e-25,1.0,-4.722942803736365e-22,0.0,1.052070341590882e-21,0.0,False
TUBA3D,background,0.05087508168706684,1.7477593866766045e-07,0.049178367565943966,4.949300819648966e-07,0.028023067707409175,0.0053333579038180225,False
RNA5SP263,background,-0.007647510194112935,0.15459904114112005,-0.006920132103762795,0.19682658150882246,-0.007235987572251046,0.19621037705389016,False
LINC03077,background,-0.020229733304207465,0.03634327836677541,-0.020094469058009004,0.03842827968222954,-0.007623079676232319,0.44557890670640654,False
USP17L16P,background,-0.018379690633175957,0.04611767492952974,-0.017827274433390147,0.05401710595546233,-0.007585680587929556,0.4190535237615616,False
FBXO32,background,0.1824588370657514,1.5677066712506902e-79,0.18200129263678788,1.7823705319830052e-78,0.06853522540043593,5.480978926976906e-12,False
SPAG11B,background,-0.010491708599501166,0.27981138188221655,-0.01064946784143994,0.27469262707519965,-0.014543285474143963,0.14725351556770222,False
IQCF2,background,-0.009745182907688997,0.30929534133561004,-0.010358872672891433,0.28183731005194806,-0.009673214065245494,0.3285258009782218,False
WAS,background,0.8758546049940088,0.0,0.8762684030346389,0.0,0.6042007312330322,0.0,False
CXorf38,background,0.2759095435937814,2.322393993387992e-183,0.27600495360373645,6.107050100589686e-182,0.17603603885130711,7.114837058367572e-72,False
MIR181C,background,-0.01028978926799333,0.02984277139384788,-0.010345953012944253,0.03010048771169803,-0.003983795717834359,0.35433280015490765,False
POLDIP2,background,-0.10541733634733753,2.0274403622880886e-27,-0.1065744262657368,9.120169332933144e-28,-0.10952487998951574,1.8412201060260328e-28,False
LOC100420990,background,-0.018035121023334377,0.03498645487882826,-0.018133560350995274,0.03527307863539188,-0.015218247222116234,0.0948216431075633,False
TXK,background,0.4341047524122747,0.0,0.43356358519260646,0.0,0.3285724883416363,5.001308872962586e-258,False
MATR3P2,background,0.017000541510225457,0.08038750736977197,0.018261183075794878,0.06147068498723746,0.005631178235260681,0.5751427250409589,False
COPDA1,background,0.48529575193111113,0.0,0.4846480307224437,0.0,0.3164758378719678,4.605053251715813e-225,False
OR7E26P,background,0.01864886815850296,0.05562385728337884,0.018618786852639964,0.05707961484514696,0.011343767695925256,0.26015273073987055,False
GNG4,background,0.0175963035188901,0.07092974831505792,0.017184258274126733,0.07907474473544139,-0.018259187356102758,0.06888599710384645,False
RNU6-499P,background,2.5849394142282115e-25,1.0,-4.722942803736365e-22,0.0,1.052070341590882e-21,0.0,False
IGHV1-2,background,0.5855487258335282,0.0,0.5848942883781113,0.0,0.3901066442392839,0.0,False
LINC01482,background,0.07005619658532176,6.099982184333567e-13,0.07091229248826796,4.0103395383426554e-13,0.04205625832171337,3.123564911360096e-05,False
XDH,background,0.11281095959556843,3.4945027054930596e-31,0.11261815058074803,7.872025918535375e-31,0.0665538178690649,3.412728366653729e-11,False
RNA5SP19,background,-0.001910116019193391,0.21197727722455662,-0.0012782115714346377,0.347658893371536,-0.0007491071739623115,0.6037270258082705,False
FAM106A,background,0.128236049759217,7.229774139311436e-40,0.12950856506214595,2.6578466193563332e-40,0.07527148211064723,3.843062066371096e-14,False
HTRA3,background,0.30438049158896674,1.136379583559534e-224,0.3036596935862213,1.1309949470282735e-221,0.16235079021769308,6.0797931338984734e-61,False
MIR99B,background,2.5849394142282115e-25,1.0,-4.722942803736365e-22,0.0,1.052070341590882e-21,0.0,False
SMIM18,background,-0.021435335381626827,0.027805955208294965,-0.020243250588519564,0.03857036348275292,-0.01719991655613908,0.08898371559839026,False
USE1,background,-0.09752164302374985,1.1038121779192703e-23,-0.09829761538430466,7.589743705402914e-24,-0.06443513593530736,8.376635147482604e-11,False
EFCAB14,background,0.19099878579988575,4.148710814830386e-87,0.19079602702322265,3.3780894607444976e-86,0.07395184799945721,7.721881937318309e-14,False
RN7SL379P,background,-0.009614943753414457,0.17197374434396637,-0.009667424055451722,0.17264709991549515,-0.013673578777443123,0.05725771117746032,False
LOC100533852,background,-0.014440349027045598,0.1351777137235195,-0.014496058291458802,0.1353323863853769,-0.018475857251825444,0.06542892611439309,False
MTERF4,background,0.11489061381100568,2.74382454522227e-32,0.11543502819138918,2.5686939834769926e-32,0.05175356935763529,1.5443842026827943e-07,False
EIF1AX-AS1,background,0.005144517977599578,0.5975341371564208,0.005644988143028749,0.5640542106863202,0.004185502733715499,0.6781286260636747,False
SPINDOC,background,0.021874215403837657,0.024763746766043017,0.021154734474116452,0.0306251087538147,0.009101422234223598,0.35958561367583197,False
RN7SL693P,background,-0.043628821297996584,6.833871908112763e-06,-0.043126589095244854,9.51004281261676e-06,-0.02739646115641713,0.005674500099808302,False
ZNF442,background,0.11044690679382717,5.953075235070356e-30,0.11235753817176708,1.0757855942454166e-30,0.036948030332439374,0.00020717806306711983,False
SCARF2,background,0.19188995214370638,6.395137104208695e-88,0.19252769531753738,9.167651614582573e-88,0.0889395849091083,5.289777801581145e-19,False
PLEKHH2,background,0.15389853450286003,7.639419285644984e-57,0.15408733640354252,1.651113967158592e-56,0.07663734533516223,1.2303169976725748e-14,False
TUFMP1,background,-0.017937177347096583,0.06563375526883179,-0.01871704062851618,0.05578093296274429,-0.023301814326369095,0.020755113990256695,False
MRPL20,background,-0.0041738669151783715,0.6684057738377516,-0.004620129231299628,0.6368523958890728,0.0024411542445643385,0.8046131296717889,False
PMS2P14,background,-0.007295617863156273,0.4540327015615422,-0.007520981714379912,0.44217101287299265,-0.0001666223286440562,0.9867835534980087,False
CR1,background,0.6433414778290218,0.0,0.6430892030097735,0.0,0.3763407774979846,0.0,False
DNM1,background,0.0956447310029369,7.72936952990196e-23,0.09642533854003706,5.2842904899777593e-23,0.06024515713600786,1.4811396924680156e-09,False
MYH1,background,0.08388543938994876,6.477620957282736e-18,0.0849638986006862,3.388215165237229e-18,0.050647892391405776,3.9104945564933215e-07,False
RTN2,background,0.049791038399936934,3.172808849939981e-07,0.04906805609430547,5.249127652826296e-07,0.012876718493610788,0.19594158157761862,False
CDY2B,background,-0.0020086532303822736,0.8310218513272462,-0.0022807852640691975,0.8093140001722102,0.010204258194380277,0.29945829025634463,False
EIF2AP1,background,0.10776231219748324,9.906299915068037e-29,0.10840503541108017,8.006274911230095e-29,0.07570342000894571,1.1739583034573448e-13,False
PLA2G4C,background,0.3485592123046145,1.2855723976075584e-298,0.3495181523369114,8.18098567149115e-298,0.22056199597429932,5.805630225342137e-112,False
WNT10A,background,0.3290488131305143,1.9680512833220598e-264,0.3280723214194129,1.4715984282892712e-260,0.2260585802227882,1.2355109972128158e-117,False
KRT223P,background,0.09827999543140045,4.974165034759696e-24,0.0970328774368576,2.8267915784769326e-23,0.05273687621963039,1.6241460988153977e-07,False
RPL26P28,background,0.0485711172919043,3.7873820684583997e-07,0.04884291297950991,3.6483236326429145e-07,0.026716316695205047,0.0074693342501241855,False
RPL23AP50,background,0.004524938131555971,0.6423858739902792,0.005399254802269217,0.5811404598451466,0.007815514049677806,0.4366055754617083,False
FAM162A,background,-0.14864228899757312,4.1693808052895573e-53,-0.14990586284831975,1.5137432673120132e-53,-0.10924357172911649,1.8203181445387145e-28,False
LINC02950,background,-0.012641498798152687,0.1945068018603161,-0.013815406151520755,0.1580158950866269,-0.052850885762145264,1.9376662465487455e-07,False
HSPA7,background,0.46396145008217915,0.0,0.46309560192536514,0.0,0.31214690699502257,7.389878526404987e-230,False
LOC124900236,background,2.5849394142282115e-25,1.0,-4.722942803736365e-22,0.0,1.052070341590882e-21,0.0,False
SLC52A3,background,0.03262685376243348,0.0008105686600901262,0.03299450023436082,0.000745115761776806,-0.021369410031091343,0.03202800567992025,False
CAB39,background,0.23890018355679848,1.295931949279925e-136,0.23993861978286174,1.1615039829347607e-136,0.1089300845579599,1.6060508920403072e-28,False
ANAPC13P1,background,0.005495984385173404,0.45313047332797507,0.005857914441060466,0.4249493409514674,0.0029374465457888024,0.6803756937139276,False
SPART-AS1,background,0.01395095592219752,0.1522125268197335,0.014716706537209193,0.13261011842367518,0.0020164673880226506,0.8409656236119281,False
STX2,background,0.24336877596856904,7.441157868010857e-142,0.24450363788293236,5.368456899453937e-142,0.15231320038140309,1.515296565800576e-53,False
TERC,background,-0.0477937674686469,9.222170016256849e-07,-0.04722634677738906,1.3759647961593998e-06,-0.04570804871208159,5.5794128108900105e-06,False
CYP2B6,background,-0.026972402475328162,0.0056315830846879475,-0.027326978247404127,0.005223910886282407,-0.05051576339662697,4.935030050366229e-07,False
RPL37,background,-0.10801687549194697,1.030442828863372e-28,-0.11011106721485965,1.5408734213231257e-29,-0.053099443779147125,7.609808880735367e-08,False
MIR938,background,2.5849394142282115e-25,1.0,-4.722942803736365e-22,0.0,1.052070341590882e-21,0.0,False
LINC01151,background,0.02827499342207837,0.0033863417378114436,0.02781630851241892,0.004097536294411814,0.012001844621490744,0.2327917073909977,False
OR51F2,background,-0.025824449401290767,0.007204732579429337,-0.02455629469192152,0.010944109254135335,-0.026301682869044805,0.007495343873584193,False
SNRNP25,background,-0.10193653199596378,9.769700428605115e-26,-0.10274129250474656,6.53212362611657e-26,-0.07321170794661011,1.5011294458438715e-13,False
FBXO2,background,0.009054449115435416,0.3527778545185808,0.010440705636236322,0.2860176394261465,0.007294522876203078,0.4655499858536889,False
TRAT1,background,0.8209586853697963,0.0,0.8210301846380078,0.0,0.5989306140527259,0.0,False
FAM156B,background,-0.02352318698802713,0.01576303751581561,-0.023911374757499472,0.01453746480350273,0.010762648016125956,0.2780757962838856,False
CEACAM8,background,0.07515203201677127,9.032339842640329e-15,0.07615245963300447,5.190519432188911e-15,0.035491227391263556,0.000423595696839286,False
ARHGAP42,background,0.1944790793294403,2.651841099548635e-90,0.19412848536541114,3.167643120618093e-89,0.11017578003099833,1.1244088139489505e-28,False
G2E3P1,background,0.0402158365487017,3.6475045793398843e-05,0.04005061975879267,4.23699035445847e-05,-0.02057393289072113,0.04151863660084006,False
HAPLN4,background,0.06225110217430754,1.6096496997786004e-10,0.06183665165410702,2.5364588150615517e-10,0.03976072549906672,7.096621763491458e-05,False
GNMT,background,0.011168859226392125,0.2517046848529978,0.01135470972426202,0.24592539074223985,-0.009003933027492729,0.36896188437154986,False
RPS3AP50,background,0.001544313057310075,0.8697420084451817,0.002004799674985183,0.8320966114847083,-0.008909619658852275,0.36407570244580645,False
RNU4-44P,background,-0.00614037453659303,0.1664664505925622,-0.006173889939133778,0.16713213239399866,-0.0015832413076296255,0.7248759608670435,False
CASC2,background,-0.006232140904835634,0.5224536154215,-0.005278234289654695,0.5896432734379677,-0.03585508088707109,0.0003426234586386532,False
MIR4522,background,2.5849394142282115e-25,1.0,-4.722942803736365e-22,0.0,1.052070341590882e-21,0.0,False
MIR509-2,background,2.5849394142282115e-25,1.0,-4.722942803736365e-22,0.0,1.052070341590882e-21,0.0,False
TRAJ20,background,2.5849394142282115e-25,1.0,-4.722942803736365e-22,0.0,1.052070341590882e-21,0.0,False
ZFP42,background,0.01935461759099101,0.046987057663475426,0.01890897264862149,0.05331499549013827,-0.010132607443240947,0.3143675478046932,False
GARRE1,background,0.19084271804149375,5.750576024203504e-87,0.19191102533438878,3.3251910179850825e-87,0.08642376102545277,4.2756310986582844e-18,False
LINC01465,background,0.04659973264654647,1.71150738551332e-06,0.04768904350086158,1.0836013461005126e-06,0.019517019855351096,0.051862876927075315,False
FRMD4A,background,0.2638075471028317,3.141942077337297e-167,0.2639383346931368,5.500095728514713e-166,0.14653984013262397,1.3683071901269094e-49,False
CDKAL1,background,0.14971439678841647,7.392368740489832e-54,0.1497602413991476,1.9128890051733366e-53,0.06993220338004742,1.8953885870399842e-12,False
RNA5SP274,background,-0.0017955763749786659,0.3597085351156456,-0.0018053769929444652,0.36046246060631326,-0.003323580768054747,0.11231947373413279,False
DPY19L3-DT,background,-0.08325198849059232,1.1440847669081883e-17,-0.083934898941221,8.551374403697053e-18,-0.06231890566297128,5.595104996288373e-10,False
RPL10AP2,background,-0.04671971658492039,1.6094598363190153e-06,-0.04644676658099682,2.0476558364488544e-06,-0.027784011100659967,0.005540192754136219,False
CHRAC1,background,0.078951211456974,4.862386037560912e-16,0.07794214472800821,1.504808845232609e-15,0.01465646724397645,0.13864744486599834,False
ERVFRD-1,background,0.20632824324113402,1.2067322931964147e-101,0.20713594046540135,1.3834284498534679e-101,0.1097015850293341,4.725392346681887e-28,False
RNU6-1269P,background,0.0002316542406815911,0.9391111907496517,0.00023291865624459047,0.9392065003249184,0.0015490989933539597,0.6324078895017395,False
RACK1P3,background,-0.03333868986230421,0.0003451532267334852,-0.031877809648267724,0.0006541121186818221,-0.028916937986200802,0.002287333882508125,False
DDX39BP1,background,0.01038911939002929,0.2379896568574303,0.010982013657805843,0.21394306645957184,0.01634671948841178,0.07392951278867753,False
LINC00362,background,-0.012832072317949863,0.08945144935932789,-0.01198674934373996,0.11353983327151343,-0.006601226837454974,0.3893441691240195,False
SLCO6A1,background,-0.014725637474204523,0.13071904910395696,-0.015704658982981755,0.10852495538588627,-0.005578560068139668,0.5791915510280354,False
MIR3179-4,background,2.5849394142282115e-25,1.0,-4.722942803736365e-22,0.0,1.052070341590882e-21,0.0,False
AKR7L,background,-0.13399697577923964,2.1125406100036646e-43,-0.1342351350720916,3.4078092165924937e-43,-0.08267202633110068,1.563746026059676e-16,False
RNA5SP457,background,-0.006920685489570688,0.11590796551916047,-0.006958459986656918,0.11648063255704315,-0.004653029587244854,0.2991085884263572,False
RPL9P32,background,-0.03517899477963759,0.00030467174466802685,-0.035451946946193136,0.0002903637648562778,-0.01236863810624697,0.21985879253978324,False
SLC5A4P1,background,-0.018064756158083877,0.046684602164277486,-0.01856557454024554,0.041710860970191256,-0.019053232109903614,0.041345320092151625,False
SLC5A10,background,0.17150641452826884,2.3721734882659913e-70,0.17143178597660047,1.048221299724368e-69,0.1022552259468558,8.532225954314796e-25,False
CHKB-DT,background,-0.01478627805973684,0.1291413522578131,-0.01605941334313098,0.10077345704224264,-0.010304036679846276,0.30324873634297644,False
LINC02220,background,-0.004659868693966273,0.19967082397187003,-0.004685303197046596,0.200376779917751,-0.0012517060934362752,0.7470058072317453,False
HSPA8P11,background,0.05014722911887371,2.611765174316977e-07,0.05062881540751379,2.2577543290225155e-07,0.0576605139037784,1.1193805129254197e-08,False
TAF12,background,0.15556495305442983,4.678380299495083e-58,0.1542011880717143,1.3675273086519202e-56,0.07377698599534711,7.252155771842074e-14,False
TMEM267,background,0.05698064605804485,4.84864248583291e-09,0.05602692522027415,1.0070534884924501e-08,-0.012053057109883485,0.22478286540477663,False
FAM223A,background,0.045553902395637884,2.9066187441283997e-06,0.04593817748604267,2.645142840133652e-06,0.04362400462159117,1.4475235150078132e-05,False
ZBTB12,background,-0.04247372670442376,1.2961553255009382e-05,-0.04180257222917374,1.9250806344666805e-05,-0.0425144205841497,2.0487051794451183e-05,False
RNU6-226P,background,-0.004236703303421929,0.1544584448544148,-0.00392789621965654,0.17674301166986878,-0.0060085388690472585,0.051311982868261864,False
ZSCAN5A,background,0.05183743951607325,1.0190288048232466e-07,0.052619473135797734,7.424716095646436e-08,0.04614598306205357,3.7039631160178182e-06,False
OR5K2,background,0.15299840818286672,3.408755503923359e-56,0.15181208390031717,6.920436618310427e-55,0.08517282344574943,2.784173023024251e-17,False
NPEPL1,background,0.030209706161221407,0.001929195617796169,0.029937971405626894,0.0022144251133367613,-0.0013590239365484794,0.891275796247871,False
SNRPCP10,background,-0.008704921789357539,0.3657637628366436,-0.008986103538371483,0.3525170018687711,0.003639313315203723,0.7136237498685362,False
RPS7P13,background,-0.011675120576789332,0.1785502181907731,-0.011518280158181498,0.18602935876982704,-0.01526844037392194,0.09824942023161132,False
NECTIN1-DT,background,-0.005397797470706634,0.5796180421794304,-0.005681137405493884,0.5615612482025722,-0.023578680697434753,0.018970476227895612,False
OTULIN,background,0.2657387672449216,9.5250806281032e-170,0.2641446380742563,2.981882797900122e-166,0.13754764266704234,3.3290553650661453e-44,False
SPOCK2,background,0.552680849696044,0.0,0.5531054583959577,0.0,0.39569910706970224,0.0,False
ZNF792,background,0.18542424140497785,4.036377526342482e-82,0.18530941145423016,2.465121715921204e-81,0.08051346096250281,4.597225747333892e-16,False
ZPLD1,background,0.1647688879504972,5.306499620763838e-65,0.16380112813183173,1.0188421762306955e-63,0.058583140302345155,5.193906043891033e-09,False
TUBB4B,background,-0.060079028975310915,6.782915138908738e-10,-0.0609388582494454,4.583225760386852e-10,-0.01953270283116756,0.049568410828932895,False
MARCHF2,background,0.2890519891289741,7.788120804034596e-202,0.2885620540312696,1.9916860810645788e-199,0.1716184591625366,1.886851574902787e-68,False
PRR14,background,0.021076355475124806,0.030528788653889763,0.021474336918114064,0.028193786245004418,0.009922927385722854,0.31593154047436195,False
ZNF668,background,0.07823320420727625,8.921070050214572e-16,0.07823028436446844,1.1837649999219647e-15,0.05956244276438121,2.0490253498260287e-09,False
RNU6-577P,background,-0.0052272425155450285,0.2369006782906056,-0.0044866541160266445,0.30694017464423473,-0.005493717846150257,0.2380984718969242,False
KRAS,background,0.09174717275322748,3.899379285956479e-21,0.09252351403787376,2.6747839636900087e-21,0.008478031051331018,0.39198980186166044,False
ARHGAP11B-DT,background,0.07025250271038856,5.258391808156372e-13,0.07069155102212125,4.739368468003429e-13,0.052772406224573104,1.4442125497423457e-07,False
FAM221A,background,0.013482337345253304,0.16646194556111274,0.014271446899050952,0.14473502680932454,-0.03500985373782927,0.00041306647085345564,False
BNIP3P3,background,0.0003847395737880177,0.9674979982519716,0.0006343424747858182,0.9466570871930498,-3.605481256248301e-05,0.9970874972319366,False
TMEM183AP1,background,-0.0007843456390444444,0.9356130277867729,0.001148524828080054,0.906234129140264,0.005562972525261616,0.5799682487489275,False
RPL13AP19,background,0.17777908312221252,7.5202692602749e-76,0.1776945942055463,3.7803837503368307e-75,0.10354956483006122,1.6226183803880606e-24,False
VRK3,background,0.1683474502064382,8.155779282063828e-68,0.16912457238637596,7.263076067496673e-68,0.09645544587119341,1.6579125973629384e-22,False
DOK5,background,0.2671891772059499,1.1847741584763665e-171,0.2688489077333598,2.2226980934432913e-172,0.12870700218157757,4.808972834438196e-39,False
RNU6-597P,background,-0.001971055477710219,0.6189591064260197,-0.0019818138960073237,0.6195091423461467,-0.0014589490577337884,0.7303059570390756,False
WTAPP2,background,0.10623069684857926,8.04467125152679e-28,0.10621019724712076,1.3778767276809286e-27,0.06402820822571983,1.5149035444091797e-10,False
OR7G1,background,0.004579076264657605,0.6145698544685606,0.004892513740898185,0.5919977232411288,-0.011667881541104373,0.22144249992057255,False
BMPR1A,background,0.07701665201523866,2.46369196751785e-15,0.07693266796220503,3.4642781383986134e-15,0.0026063765855852453,0.7938854267352217,False
QTRT1P1,background,-0.033002378064147464,0.0002951617820357917,-0.031291983065505916,0.0006298101303651515,-0.018135535929950382,0.05177241547655237,False
RPL17P10,background,0.06471688611259933,2.962615651944795e-11,0.06450511625047875,4.1606503452700094e-11,0.04543036176710124,6.616612993293177e-06,False
OR8B5P,background,0.0023167941171741142,0.8113809018925003,0.0026159714790803647,0.7884577010703143,-0.006411681027722805,0.5219660141949236,False
ATG3,background,0.24828623885547663,9.507175658596485e-148,0.2479067660818998,4.775471127140487e-146,0.1337730268504888,6.151266109959839e-43,False
AGK,background,0.030928750105613308,0.0014995863040346538,0.03143305151538479,0.001314761625913921,-0.03283698525504676,0.000918700441405615,False
CCDC148-AS1,background,-0.003230309664801303,0.7280289501933175,-0.0029074310593563855,0.7552417685407943,0.0010577327689985508,0.9102980775772826,False
MYCBP2,background,0.25431905351607353,3.678515071893545e-155,0.25475217194783006,2.1825558212115177e-154,0.14807723852833982,2.0026214280134297e-51,False
OAT,background,0.06253043431106298,1.3330490625599932e-10,0.061428292473288,3.3231213935383223e-10,-0.003048433113901579,0.7575293560557752,False
KAT5,background,0.01775158862947037,0.06847523797240238,0.018115476861911374,0.06413250317321653,0.020810504771413368,0.03568089975169834,False
CEP70,background,-0.024177308360827314,0.013082595237240247,-0.024581752751651885,0.01199698479107388,-0.0686887373738971,5.4466302016121745e-12,False
AURKBP1,background,-0.00814482613751039,0.40323302369372305,-0.00811813763410865,0.40679061513876735,-0.003883018852142013,0.7000506595342013,False
LOC124906148,background,2.5849394142282115e-25,1.0,-4.722942803736365e-22,0.0,1.052070341590882e-21,0.0,False
RNY1P1,background,2.5849394142282115e-25,1.0,-4.722942803736365e-22,0.0,1.052070341590882e-21,0.0,False
ELF4,background,0.36115166513299585,0.0,0.3609020133402022,0.0,0.21716346734852415,2.4176969202384668e-110,False
RNU6-1026P,background,-0.005071578593201079,0.25926706708702596,-0.004330140548596196,0.3325973707994382,-0.008454981898391218,0.07439045195144074,False
DMKN,background,-0.0596818738686377,8.776685949804052e-10,-0.05954275651309976,1.1312258502517962e-09,-0.05272686645761004,1.1137018439715934e-07,False
HEXIM2,background,-0.06382999176273943,5.485749382250332e-11,-0.06409744648893596,5.510231306667887e-11,-0.03668744617299069,0.00023851595595973757,False
ELAVL2,background,0.010634509960201117,0.2751069391206292,0.01269106537017418,0.19467533234020132,0.006885757442609253,0.49470616047293237,False
OR2H5P,background,0.011576479421515242,0.23481214541258325,0.011857907220027067,0.2256169246203823,0.008217963197546627,0.4141388847068542,False
SNORA40C,background,-0.018931690429945698,0.0017015977116847166,-0.01864960747737465,0.0019915442699968227,-0.02297447632538001,0.00014388684336478838,False
PERP,background,0.001641903748571051,0.8661920195881438,0.00039035571029170913,0.9681824372232918,-0.016459388198667758,0.09835725346751753,False
LINC01653,background,-0.022036941993959835,0.020330228366671466,-0.021192481353529802,0.026281419434910917,-0.019371378832973088,0.04938619920439867,False
VN1R104P,background,0.08813727571510802,3.551896003995864e-20,0.0890909234708855,2.011208846980746e-20,0.04116689247438542,4.2234793418475596e-05,False
DUSP14,background,0.06034410578564461,5.705896298994685e-10,0.0587609999962757,1.8597382346300655e-09,0.023936541127943023,0.015956880938011057,False
IL12RB1,background,0.8761061597907072,0.0,0.875956233643225,0.0,0.6446597645957448,0.0,False
ADAMTS13,background,-0.13632668510394336,7.084311601086416e-45,-0.13490775507209074,1.2950229318636268e-43,-0.07482390799653696,7.096046025219358e-14,False
SNORA11,background,-0.05887967627903747,1.469632269983642e-09,-0.05676414897665006,6.434716448372791e-09,-0.034864374030782276,0.0004786769830417594,False
AGL,background,0.056729893894883913,5.660537110796638e-09,0.05655104858423483,7.328364230819542e-09,-0.010042303593572088,0.31407079813889244,False
CAPZA1P2,background,0.05899252635845935,1.3673823752977253e-09,0.05869127435354192,1.9434598063140724e-09,0.039205597365337616,0.00010106101062268752,False
TMF1,background,0.15580671164547813,3.1116617754649866e-58,0.156000648227959,6.824259370267105e-58,0.05730595351974823,8.325417262459765e-09,False
LINC01561,background,0.053174845429254755,4.739117063525617e-08,0.054319835178827984,2.7808811504621824e-08,-0.025672144979104892,0.010797908837692723,False
