gene,E1_edd_rho,E2_delta_rho,E3_evasion_rho,E4_prism_rho,E6_min_cox_p,E6_mean_hr,composite_score
ITGAV,-0.6808911576925998,0.1810616611919564,0.474897795292839,-0.4364194500832763,0.0003087895958705,1.0299144983558668,0.5710843373493976
FERMT2,-0.6453667866249413,0.1869227690814345,0.532889934762542,-0.3589846859088513,0.0002079432241444,1.0705093498178726,0.5569277108433734
CCND1,-0.78316255045912,0.1534623439218163,0.1639918219064824,-0.3173837691410301,0.0004383943961363,0.9903130813689869,0.5304216867469879
FOXA1,-0.6429286896957025,0.2488987135470554,0.0848805389260325,-0.4090383814998238,1.8054724031413107e-07,1.0275179799227572,0.522289156626506
IRF4,-0.689248396655272,0.5825742776163807,0.14825786634287,-0.245769944401724,0.0001418055833009,0.9686973313320015,0.5177710843373494
MYC,-0.8618085889713316,0.1227904494331644,0.1785583445334163,-0.2961422180936748,0.0017069406195707,1.05169708540569,0.5081325301204819
CDH2,-0.5708726797616083,0.1981191824928528,0.3269447313371516,-0.3306506155947967,0.0034553363117118,1.0866328287352462,0.5078313253012048
FOSL1,-0.6627860153787555,0.0624797825175319,0.2884575570209837,-0.3255558797019901,1.6149063451481486e-05,1.147307728611811,0.49969879518072285
MYB,-0.6476738245189095,0.5072610909172297,0.0948041481239625,-0.3718824192830302,0.0058575380984571,0.9825670239371279,0.49246987951807225
WWTR1,-0.5600139290065188,0.0799092108611294,0.3761420722334352,-0.3703553587056408,1.7468395381656407e-05,1.0871836465153635,0.4924698795180722
PIM2,-0.582812650019065,0.4124185407961939,0.0556535803768679,-0.333734715074051,1.3243724275926142e-07,0.9595466339114356,0.4828313253012048
GATA3,-0.7497860842311919,0.2235980781923371,0.1186050518663939,-0.1707786683628317,0.0002515567879408,0.9870196082676068,0.4746987951807229
BCL2L1,-0.6787499685732272,0.1566799962540599,0.1244355097347542,-0.2434350302072629,0.0002913742291343,1.0505777918103762,0.469578313253012
VCL,-0.3652173798883141,0.2201244690780745,0.3954666151201729,-0.398618877083938,0.0002234199786044,1.0882378961685408,0.4668674698795181
GRHL2,-0.6317113522055067,0.0493334932128253,0.1772349915608593,-0.4753904673211461,0.0001532076560642,1.001699393320673,0.46536144578313254
ZEB1,-0.7092435366423381,0.0625033865309889,0.159513261215458,-0.2795143176225234,8.384315462858941e-05,1.0318965031790266,0.46445783132530116
ITGB3,-0.6227102300871571,0.108318821334958,0.1665645829802568,-0.3057518894595316,0.0012765211045934,1.0669750982792265,0.4632530120481928
TP63,-0.8795240342991915,0.156021712832277,0.1306424166596856,-0.2136192784552345,0.0047789992705884,0.9494020671962959,0.46295180722891566
FAM120A,-0.6763155980423698,0.124302442775512,0.0567063267764886,-0.303204083231306,1.7616542783427253e-07,0.986941331472271,0.4587349397590362
MECOM,-0.6881381654090726,0.1969746413017714,0.0733212537931063,-0.3180766455301204,0.0054975033777698,0.9562950975870651,0.45843373493975903
FOXA2,-0.7426857249295113,0.1929134061537741,0.0636731963263966,-0.198880871098691,2.9970626414941e-06,1.0799547967603107,0.4575301204819277
ERBB2,-0.7166401063111142,0.0616658891313844,0.0783287318024434,-0.391922587360112,2.43269199834822e-05,1.0004474365887246,0.45481927710843373
RAC1,-0.4723492779362262,0.3477443885508416,0.3057200672698913,-0.2784940864414645,0.0021157261305795,1.1005059946853342,0.4539156626506024
BCL2,-0.5732373787485292,0.0725677976946781,0.121025434102627,-0.3194739169822758,2.6248816532532567e-10,0.9380641256901517,0.4503012048192771
JUN,-0.5414768435611175,0.0717473960826236,0.3876255703564928,-0.3324849881219518,0.0014207423429326,1.0593556527407755,0.446987951807229
MITF,-0.6988637043446713,0.0930274018261883,0.0598970627297889,-0.2955342250437077,2.2338687695776333e-07,1.0094695727019136,0.44638554216867465
SOX2,-0.6564231391520094,0.3319245396056828,0.0738860749278937,-0.1685087782350857,6.436590849251586e-06,1.0922628476308271,0.4457831325301205
FGFR1,-0.5938559729552133,0.0596511928334497,0.2472214738410248,-0.2676717457505918,4.96510754385232e-05,1.0740778492702556,0.4451807228915663
CMIP,-0.8053754205775727,0.1680049663762703,0.1477571087052742,-0.1545114573509058,0.0263392067580974,1.039658233537722,0.4391566265060241
MDM2,-0.768445791637984,0.1152946552059931,0.0298876603116583,-0.4588864956469118,0.1007473956947025,0.9717987480644557,0.43734939759036146
PARD6B,-0.6851873545442143,0.0401097402345638,0.1385960375492933,-0.315160102132765,0.0001283048035363,0.9954510270990731,0.43644578313253013
TRPS1,-0.7083433815190138,0.2590871421849811,0.0822665085837574,0.1500387467894273,0.00082214520291,1.0302131422583647,0.43524096385542166
CD44,-0.5452012083108316,0.1096598588183519,0.1444274701414383,-0.3504932439895247,0.003483692501108,1.0418178284156843,0.43222891566265065
PXN,-0.3611903975574227,0.169178138812886,0.1959459681811525,-0.3604457517464942,0.0009317695555313,1.0639893674730705,0.4231927710843374
TNS3,-0.5661656882998967,0.0521753676418775,0.1787363881164824,-0.296398223212232,9.711344933783252e-05,0.996112192988473,0.4228915662650602
ZEB2,-0.6052255372294114,0.0889174481181547,0.1598186359175234,-0.2664116059944777,0.0035223674689724,1.0575369772361645,0.42259036144578316
CFLAR,-0.5561185706045861,0.0712031383258978,0.2552255031524177,-0.237658881065136,0.0001550383132858,1.0151742711019294,0.422289156626506
BCL6,-0.6436338761149006,0.2028674537227586,0.1071008609833557,0.1500544576798674,0.0004490438044858,1.007506858349187,0.4219879518072289
NCKAP1,-0.5216031927051586,0.5852788639353903,0.3118823515188057,,3.913790665485253e-05,1.0346871566277698,0.4198795180722892
ITGB5,-0.5554351397855425,0.0428119694530266,0.3396768059163624,-0.4248467954079245,0.0102738185681909,1.0463631398422648,0.4198795180722892
CCND3,-0.674718557914593,0.1980450804135344,0.124740151158376,-0.1598393582957179,0.0165918456388587,1.0131728235580386,0.4198795180722892
CCNE1,-0.6618725246370626,0.0669066841422457,0.0870308332496919,-0.2319638201591967,4.688932092015521e-11,1.0987645281791374,0.41897590361445786
PIK3CD,-0.5582655791400644,0.2664521517015281,0.0768761250905777,-0.3123637529992276,0.0206256142256111,1.022785865251743,0.41686746987951806
KLHL9,-0.5650245001638667,0.1135023610628634,0.125747926127598,-0.1648216342969796,1.8110949857394434e-09,0.9311743716880923,0.41355421686746985
RBM47,-0.3615677905825952,0.1506908040917805,0.0968767775295441,-0.4098875141406736,1.4157034037823027e-11,0.938207593520264,0.4126506024096386
ARF4,-0.4320115695610332,0.1309181939133571,0.2274893354487045,-0.3410066969341743,0.0097607224130102,1.0501309747200693,0.41084337349397587
PPM1D,-0.6223171964212143,0.0889253099335485,0.0584196229174624,-0.2777533131395126,5.683333881892308e-06,0.9696908983268913,0.40963855421686746
ZFP36L1,-0.5346347587885409,0.0866143517709626,0.3073222538418246,-0.2874917150372866,0.046394463463909,1.0389241301893344,0.402710843373494
ILK,-0.3541432862543108,0.1344109913814557,0.3165557049456376,-0.2989876229083258,0.0014821392045169,1.0673771342320468,0.4009036144578313
MAFF,-0.58092343802655,0.1147412821555946,0.0812314592334028,-0.2776825119759281,0.0011967880060567,1.0815940110030433,0.4006024096385542
TRIO,-0.462793433196715,0.0910188734704276,0.3095365758929954,-0.314325791823528,0.006177261710255,1.0998790138912105,0.40030120481927706
YAP1,-0.5336096473527561,0.0832234644905378,0.1325494771581618,-0.3078183806939005,0.0010903142217813,1.0197901347622587,0.3993975903614458
LPAR1,-0.6885935833850634,0.0338780513911072,0.2058583188722478,-0.2590755153834613,0.0109683437272429,1.011461206915024,0.3978915662650602
ZNF217,-0.7557425100502437,0.1416417991059232,0.1493679694246497,,0.0168902265810059,0.9910059867993704,0.397289156626506
PHLDB2,-0.4246633394791678,0.1184877949046626,0.151106465305306,-0.2671924279278238,1.9263923109889785e-06,1.0365078523727027,0.3936746987951807
KLF5,-0.5670360354629245,0.0136027421821998,0.1690201804666212,-0.4720827308045306,0.0009948726048752,0.9713408769623054,0.3903614457831325
ZBTB7B,-0.6011834586916774,0.093625841649515,0.1061625149633514,-0.2360987330307764,0.0022113733239417,0.9845268959733555,0.38975903614457835
NEDD9,-0.6173126674270578,0.0879292369392936,0.0817384944498691,-0.1792580918554744,1.6733112292076843e-06,0.9573184941490428,0.3891566265060241
NFIB,-0.6396203296922978,0.1020971644881303,0.0334279375796188,-0.193548947558025,1.265873111804891e-06,0.9916517200460317,0.3858433734939759
PAX8,-0.7191764860635284,0.1290938073849583,0.036721037415157,-0.2167689707220002,0.0236222732939948,1.0119624595523424,0.37921686746987954
CCNE2,-0.6557734035693535,0.1453974406517708,0.1049679596666809,0.1507218147728975,0.0267177286345883,1.0553204169595947,0.3765060240963855
IRS2,-0.7496581453245196,0.0587942574498285,0.124773461673038,-0.1551946621726098,0.0093508441429409,1.0493794221199064,0.3753012048192771
FADD,-0.5185150256480872,0.0510886227875137,0.1053560428117286,-0.3383102895917239,0.0001205818818096,1.0625830144540638,0.3740963855421687
PTP4A1,-0.4617918689143792,0.1952008448077338,0.227100277579872,0.1524306123286713,0.001538259355596,1.024577392756686,0.37319277108433735
ARL4C,-0.703177996573886,0.0160218520352427,0.1204403047319209,-0.2488372057457468,0.0001553912422544,1.1213449445909827,0.3728915662650602
TCF7L2,-0.5800923393691025,0.0071647143217346,0.1309716765656872,-0.2810734391439689,9.674914831460944e-09,0.9834709174609981,0.3701807228915663
SNAI2,-0.6360886578807234,0.0348595117978604,0.1143084068263144,-0.2540745955479558,0.0004068109698975,1.0971434195839938,0.3686746987951807
EZR,-0.560899451979259,0.0323672803152557,0.1286616169655307,-0.2324768770794368,1.3224402627141756e-07,1.068793203594557,0.3629518072289157
SMARCA4,-0.4603144153172995,0.049729022798445,0.1749863663864017,-0.297835843907586,0.0001290823577623,1.024428989618364,0.361144578313253
ASCL5,-0.7278322908914009,0.2071310072883716,0.1001225183085319,,,,0.3593373493975904
AP1M1,-0.604009337453364,0.0134726849898785,0.1813951126741348,-0.2972405143773821,0.017159571128779,1.0741274882760645,0.35813253012048196
CDK6,-0.6020057348286004,0.0465123323377323,0.1388013286862319,-0.1659791976808038,0.0003888196569985,1.025690141669575,0.35753012048192767
HNF1B,-0.95839153304754,0.0019481215027112,0.0742513996139307,-0.2385835658038303,8.32354309315427e-06,0.9947928057693215,0.3557228915662651
LIN28B,-0.6941506676609638,0.2110696720330418,0.1026364024887399,,,,0.35451807228915666
FDFT1,-0.4755771310361053,0.0448302602607487,0.3015949825583462,-0.1983049729152053,7.368145233771828e-05,0.9440889178810286,0.35210843373493983
CRK,-0.2886437859354773,0.2327005704215046,0.2466620360431036,,5.7989378378316445e-06,1.010656503961406,0.34789156626506024
MTAP,-0.6593188532891818,0.0500891840227367,0.0628742358076103,0.1540096528034757,1.3867042369401865e-07,0.9559124981515115,0.3454819277108433
PKN2,-0.4094762843586463,0.2784068076634376,0.339783006096799,,0.0058787708869969,0.963565796476923,0.3445783132530121
TEAD3,-0.561652142851565,0.119216713839152,0.1597921931814548,,0.0048468653348551,1.0576544440934788,0.34427710843373494
RAPGEF2,-0.5479318053562897,0.0101300534282725,0.3098795445289237,-0.1500362516037287,3.6986541462388804e-09,0.9756953091284487,0.34367469879518076
CCND2,-0.7323029571686276,0.0202261773091713,0.0865562947876636,-0.161605683586014,9.91150116653778e-05,0.943266615923115,0.3433734939759036
JUNB,-0.4676506691233673,0.0591248265337857,0.1839237607898346,-0.2698920246456783,0.0077432639650703,1.0207348225702713,0.3424698795180723
ELMO2,-0.6521017407304487,0.0694964014318214,0.4108809954186909,,,,0.3424698795180723
IRF2BP2,-0.5468347521222163,0.2427511760151416,0.1793120206371024,,,,0.34126506024096387
HIC2,-0.7214238009521898,0.1659172490935062,0.0827663183248286,,,,0.33795180722891566
TIPARP,-0.5899055756030344,0.0162497773585892,0.2446899015539708,-0.1809780002646339,0.002859248690767,1.0028518391729917,0.33674698795180724
DOCK5,-0.4787437535179004,0.0434683549066859,0.1351714662542756,-0.3253108240931531,0.0234008090095849,1.0197299778284843,0.32680722891566266
ZNFX1,-0.4373900925023171,0.0559783769186142,0.1703323464717038,-0.2742614074152193,0.0051857650509624,1.0240522841524284,0.3262048192771085
TFAP2A,-0.5559135294162793,0.0402897724497345,0.0638401244813485,-0.2802898461384442,0.0006067197093131,1.1177864137009204,0.3256024096385542
SMAD7,-0.5447003263959482,0.0693568262470834,0.0371688469836752,-0.2401513310312381,0.0003422152205236,0.9964862270487375,0.3243975903614458
SOX9,-0.5328524391966454,0.0595699623231373,0.1308048557197757,-0.2277067558000589,0.065524205505098,1.0427848107395306,0.3177710843373494
GPX8,-0.5536005025755486,0.0997808753725414,0.2866562048698416,,,,0.31234939759036146
NAV2,-0.413266449205504,0.1402656022992543,0.0470284284540938,-0.3055690671529157,0.0191214794253037,1.0553878305094777,0.31114457831325304
BTBD3,-0.5515696074291804,0.1098922141211962,0.1910298548773998,,,,0.3093373493975904
ACSL4,-0.5295370898898738,0.2103739454790593,0.1339914066204956,,,,0.3057228915662651
RELA,-0.4864704342749151,0.137974042308461,0.3049887919284142,,,,0.3048192771084337
BCAR3,-0.3134449462804609,0.0023666736993044,0.1864571394457373,-0.3188435549085076,5.5373327948243965e-06,1.0210423107719588,0.3048192771084337
IGF1R,-0.4416116934472768,0.0326182320910444,0.137541547377764,-0.1892884219836515,2.0913167383113522e-08,1.0293702433893597,0.3012048192771084
ATP5F1B,-0.4669610123105695,0.0052587023482874,0.2088046227160791,-0.2118517637161759,5.8352941214885374e-05,1.0214150859844762,0.29819277108433734
TNFAIP3,-0.6307112164808937,0.0874677518856337,0.1232154506561196,,,,0.29518072289156627
DOCK10,-0.480156720856279,0.0014239430048019,0.1420716611203393,-0.2407504259178659,3.8010748424449575e-05,0.9967810899656119,0.29186746987951806
BAMBI,-0.5498173654263215,0.0227041073975539,0.0764933984551361,-0.2510217749103968,0.001383827641916,0.9984149606185211,0.29036144578313255
DYRK1A,-0.4037388026703972,0.0645394158671469,0.1102917400153766,-0.2364656890175524,0.0022093033595659,0.9886186857285676,0.29006024096385546
TGIF1,-0.4893972065072374,0.0307557383437279,0.1103616160855965,-0.2287016556355993,0.0003935163329792,1.0119975743995258,0.29006024096385546
TSPAN4,-0.5882976680911488,0.0685326591639022,0.1601941281351498,,,,0.288855421686747
B2M,-0.6356279811258705,0.0390018804612097,0.2116308745708264,,,,0.2873493975903615
H2BC14,-0.4650145034947966,0.058567887558063,0.1085647619717363,-0.2197020797730438,0.0061262314749297,1.0008007448535534,0.28704819277108434
CDH1,-0.4932440117579103,0.1527972009935139,0.155720423178209,,,,0.28644578313253016
ZNF596,-0.7354066984677469,0.0516915294426197,0.0963001434578793,,,,0.28373493975903613
RXRA,-0.627110302367002,0.1086851829961414,0.0800174005186174,,,,0.28343373493975904
ACTB,-0.3925687410099182,0.0482037351449197,0.1051053420658092,-0.1859103903812986,7.362530258900927e-06,1.1312029117992795,0.27710843373493976
DUSP4,-0.5221330404178061,0.0372969486869456,0.090435766990294,-0.2181493535774251,0.0109335032949697,0.9535984019450284,0.2728915662650602
TEAD1,-0.3281033202016675,0.1796891035813929,0.2377653117660285,,,,0.2680722891566265
FAM83H,-0.3335952271216477,0.0885791933725606,0.0347453080731667,-0.4369564230492929,,,0.2677710843373494
CITED2,-0.4897295679702812,0.0381086810953942,0.0496125285164832,-0.1997461226012444,9.573981244222328e-05,1.0324940001862566,0.2677710843373494
COPG1,-0.5933184256883615,0.0376808564414319,0.1697565351026829,,,,0.26144578313253014
CDKN2A,-0.5766179566583896,0.0199886784271455,0.0826205747629597,0.2354566168900722,0.0044967361481145,1.0960016253390683,0.25873493975903616
HMGA2,-0.5538952025573576,0.0414163648145214,0.2039205948154424,,,,0.2584337349397591
IRS1,-0.4595109329956832,0.0745683330282471,0.0552686807333557,-0.2173041885358052,0.023396589283699,1.0285777420869107,0.25512048192771086
H2BC8,-0.5353440597141063,0.013084006602911,0.0896921779364171,-0.1878063663708873,0.0021527942562371,1.0484292691012842,0.2545180722891566
DENND4A,-0.4315401009424263,0.2313385810927075,0.0974067947655222,,,,0.2524096385542169
TWIST1,-0.4612072593711797,0.0999413236642019,0.1691789978465937,,,,0.25180722891566265
ARHGAP29,-0.693399598811988,0.0181812341899526,0.1238850858962369,,,,0.24789156626506023
LDB1,-0.4467587394016855,0.1290348584731012,0.1241140207917704,,,,0.24126506024096386
PTMA,-0.4478799240575718,0.0701254188194804,0.2026636840238086,,,,0.2391566265060241
H2BC10,-0.5208720405898775,0.003851603394011,0.0944958224232828,-0.16714431146851,0.0009914053172206,0.9470420154888572,0.23825301204819277
CTNNB1,-0.5312675931391614,0.0259685034406579,0.2964600124664489,,,,0.23493975903614456
ELK3,-0.5316648438820927,0.0401347602933471,0.1741456089963321,,,,0.23463855421686744
ELMO3,-0.9468282911229928,0.0041550421330998,0.0790589966504556,,,,0.22801204819277107
DNAJC15,-0.3545722608469833,0.065722474158274,0.0783957373558294,-0.170279844322312,0.0197384690383104,1.005265852861441,0.22620481927710845
LASP1,-0.5259853478796749,0.0228864131787729,0.2392614144089858,,,,0.2253012048192771
UBE2H,-0.3150221467066787,0.1637992337582806,0.1146841852013822,,,,0.22228915662650603
RHD,-0.4589641512743447,0.0612562645691238,0.0397724325793394,-0.1500615319818175,0.0144068160998443,1.056462424680986,0.2186746987951807
H3C3,-0.5124564713795333,0.0382986666496086,0.1550702198168463,,,,0.21536144578313252
ZNF608,-0.4857581117919337,0.10655239244376,0.0517391075421873,,,,0.20542168674698794
ACTG1,-0.3900637883067832,0.0329558507577436,0.0359457027701256,-0.1910372052904768,0.0010952374268954,1.0668951863512055,0.20210843373493975
SQSTM1,-0.4952542512912687,0.0853201006860449,0.0575421747779543,,,,0.20060240963855422
YPEL5,-0.4686896105235688,0.0648225825102752,0.0946211146705122,,,,0.2003012048192771
PPARG,-0.4856077970718687,0.0776736991457397,0.0699104091128554,,,,0.19879518072289157
H4C13,-0.4647119191250077,0.105812997897779,0.0580886460668124,,,,0.19759036144578312
GLIPR1L2,-0.6010091892171695,0.0117505280034192,0.0937022541837827,,,,0.19638554216867468
MSN,-0.4678094558432597,0.0258022294722226,0.17780254907618,,,,0.19578313253012047
FERMT1,-0.5797489054316687,0.0029313614179008,0.1220067931630405,,,,0.19427710843373494
KRAS,-0.5427057663966594,0.0185387078207953,0.1196428018276017,,,,0.18825301204819275
KLF6,-0.4020455123845238,0.1092287065585049,0.0679767806844299,,,,0.18704819277108434
BET1L,-0.4903412350080252,0.0713979456631007,0.0330827422810997,,,,0.18343373493975904
EVA1A,-0.430307448899444,0.019511262530944,0.2119062563960659,,,,0.1813253012048193
SOCS3,-0.4222345416815892,0.0193966660232962,0.2030668977435699,,,,0.1746987951807229
DUSP10,-0.5127825586375072,0.0221824773094564,0.0986575889418463,,,,0.17078313253012045
SNAI1,-0.3747463584262642,0.0504623343959792,0.1215826541803774,,,,0.16927710843373492
GAB2,-0.572171694370373,0.0105604152448021,0.0675606272828657,,,,0.16656626506024097
TUBB,-0.4619261052332412,0.0092239171717131,0.1645916973278403,,,,0.1650602409638554
PSIP1,-0.5381294473070027,0.0320970369987568,0.0442009425453804,,,,0.15963855421686746
KCNK5,-0.3934239398845252,0.0294333906679923,0.1363963274124735,,,,0.15692771084337348
RPL17,-0.5111497680725263,0.029924738795891,0.0603036119722264,,,,0.1506024096385542
SINHCAF,-0.3829679431367089,0.0245931104694571,0.1306528703487164,,,,0.14789156626506023
SKA2,-0.3108621233803811,0.052103212782309,0.0854145265965099,,,,0.14367469879518072
RAPGEFL1,-0.5119312874404246,0.005476892498252,0.0834956799884163,,,,0.1433734939759036
RNF217,-0.4957548191920427,0.0179320878521825,0.0711884329582119,,,,0.14156626506024095
CEBPB,-0.4226391104893365,0.0364089916680216,0.0698025903543909,,,,0.13072289156626504
AXL,-0.2873758666941975,0.0117286935149128,0.1636390255509264,,,,0.13042168674698795
YBX1,-0.2765959808831019,0.0548116548901699,0.0698351675906094,,,,0.1286144578313253
IFNE,-0.394285540564444,0.0348126432457219,0.0757681503047684,,,,0.12831325301204818
MFSD14B,-0.3242191481169976,0.0476832270257626,0.0462052339769896,,,,0.11506024096385542
PHF23,-0.2973599593871993,0.0233306355969378,0.0715389937087571,,,,0.09879518072289156
ERBB3,-0.3345454737111448,0.0039535727841693,0.0791711882523213,,,,0.08855421686746986
